<application>
  <component name="NodeJsLocalInterpreterManager">
    <local-interpreter path="$USER_HOME$/.nvm/versions/node/v16.13.0/bin/node" />
    <local-interpreter path="$USER_HOME$/.nvm/versions/node/v15.14.0/bin/node" />
    <local-interpreter path="$USER_HOME$/.nvm/versions/node/v14.18.1/bin/node" />
    <local-interpreter path="$USER_HOME$/.nvm/versions/node/v12.13.1/bin/node" />
    <local-interpreter path="$USER_HOME$/.nvm/versions/node/v12.11.1/bin/node" />
    <local-interpreter path="$USER_HOME$/.nvm/versions/node/v12.4.0/bin/node" />
    <local-interpreter path="$USER_HOME$/.nvm/versions/node/v10.16.3/bin/node" />
    <local-interpreter path="$USER_HOME$/.nvm/versions/node/v10.16.0/bin/node" />
    <local-interpreter path="$USER_HOME$/.nvm/versions/node/v10.13.0/bin/node" />
    <local-interpreter path="$USER_HOME$/.nvm/versions/node/v8.12.0/bin/node" />
    <local-interpreter path="$USER_HOME$/.nvm/versions/node/v8.9.0/bin/node" />
  </component>
</application>