<keymap version="1" name="Default copy" parent="Mac OS X 10.5+">
  <action id="ActivateTerminalToolWindow">
    <keyboard-shortcut first-keystroke="alt f12" />
    <keyboard-shortcut first-keystroke="meta 9" />
  </action>
  <action id="ActivateVersionControlToolWindow">
    <keyboard-shortcut first-keystroke="shift meta 9" />
  </action>
  <action id="InsertLiveTemplate" />
  <action id="ShowNavBar">
    <keyboard-shortcut first-keystroke="meta up" />
    <keyboard-shortcut first-keystroke="alt home" />
    <keyboard-shortcut first-keystroke="meta j" />
  </action>
</keymap>